Customer_ID,Name,CNIC,Phone,Email,Address,Date_Joined
1,Scott Carter,87236-5667265-1,03208090293,jalvarez@example.net,"892 Debra Burg, Drewburgh, DE 56768",2021-12-24
2,Jonathan Harrison,54597-5661907-3,03236647119,meyernoah@example.com,"65248 Tracey Walk, Lake Julieburgh, CT 83696",2023-07-20
3,Barbara Allen,23396-2556017-7,03167022674,sarahthompson@example.org,"8678 Austin Glen Apt. 173, New Davidland, TN 14469",2022-01-23
4,Erica Mason,55082-5437923-1,03399996414,whitneymelissa@example.org,"64901 Cynthia Field Suite 648, North Lisafurt, HI 14323",2020-11-28
5,Joyce Walker,26361-7350753-2,03455918715,kaitlin02@example.com,"33020 Daniel Trafficway, Hammondshire, NJ 32766",2018-05-23
6,John Rosales,92397-7067228-4,03141768805,ethanmorgan@example.net,"41694 Lee Meadows, Woodmouth, IA 16580",2023-10-31
7,David Durham,96673-4823498-5,03154905582,xchung@example.org,"1586 Stacy River Suite 585, Cooleyfurt, MT 80367",2023-08-11
8,Tracy Pena,23238-7377459-5,03397120868,cristian35@example.org,"869 Timothy Mount Apt. 385, West Kathleen, IL 28380",2019-03-14
9,Lisa Wells,31319-7210606-6,03235479144,qstewart@example.org,"18523 Allen Coves, Cruztown, CA 88768",2023-07-22
10,Wayne Fowler,99593-2197935-3,03445107245,toddjoseph@example.com,"7288 Kevin Fords, Underwoodmouth, TN 37771",2020-02-19
11,Mr. Timothy Duncan MD,31417-8755439-7,03274684531,klinelisa@example.com,"PSC 9008, Box 7367, APO AE 38834",2021-09-12
12,Jessica Patrick,99733-6440561-1,03241538552,chadallen@example.com,"321 Sarah Curve Apt. 646, South Christopherview, PW 65638",2018-03-12
13,Glenda Decker,51347-7730428-5,03144539704,ugriffin@example.com,"5525 Denise Plaza Suite 737, Jamesbury, MP 12213",2018-01-29
14,Mrs. Hannah Brandt MD,84341-6279418-4,03417637601,guygarcia@example.com,"431 Crystal Pine, Mitchellstad, WA 90953",2023-10-19
15,Linda Ford,94259-8698256-3,03263342608,wardamber@example.net,"Unit 9044 Box 8419, DPO AP 50077",2020-09-07
16,Kelly Wheeler,42325-5408072-7,03477700828,michelle56@example.org,"32365 Billy Mission, Patriciaville, SC 47102",2019-09-19
17,Melissa Hamilton,57447-4679591-3,03429279821,lorraineblack@example.org,"85531 Jordan Glens Suite 134, New Brianfort, MH 92565",2020-05-26
18,Cynthia Jacobs,21915-1790481-2,03193684052,smithchristopher@example.net,"203 Drake Station, Heathertown, NM 23628",2021-03-01
19,Amber Banks,99192-8082668-2,03347402509,courtney92@example.net,"1365 Weaver Fort, Anthonyburgh, CO 83050",2021-09-04
20,Martha Smith,88104-8852574-9,03261192619,tarnold@example.org,"707 Adrian Brook, Andreaburgh, ND 64563",2021-03-25
21,Michael Hale,99166-2921859-9,03276707197,norman32@example.net,"27455 Doyle Plains Apt. 695, Julieville, GA 27396",2019-02-24
22,Brittany Swanson,24621-5924115-7,03208612220,nortiz@example.com,"27152 Lynn Village, Lake Eric, TN 91931",2021-03-20
23,Randy Jensen,10425-5418934-9,03219517485,tylerpena@example.net,"USCGC Wang, FPO AP 33048",2019-12-31
24,Chelsea Farmer,23947-6007072-9,03484337174,jenniferscott@example.org,"631 Matthew Summit Suite 013, Taylormouth, NM 82327",2022-02-07
25,Shelley Reed,30032-7273233-3,03449897858,stephen65@example.net,"799 David Oval Apt. 048, Luisbury, TN 50982",2023-12-26
26,Ashley Mitchell,10074-6438436-8,03112876828,kevin00@example.com,"490 Charles Expressway Suite 161, Port Beverlyberg, MT 22710",2021-02-09
27,Ashley Benton,57576-6159230-4,03135041154,wwashington@example.org,"70705 Ingram Points Apt. 021, Petersland, MN 98484",2020-05-20
28,Terry Aguilar,84364-2321324-2,03412161193,andrewtaylor@example.com,"1849 Young Valleys Suite 805, Whitehaven, TN 69805",2019-01-15
29,Emily Forbes,79822-3109911-3,03403770370,emily08@example.com,"9232 Kristina Shoals Apt. 244, Suzanneborough, NV 90747",2019-04-02
30,Rebecca Estrada,44741-9852897-7,03234374754,harringtonkatie@example.com,"54018 Robert Canyon Suite 181, New Mark, MS 65763",2019-01-09
31,Gloria Jones,50857-7693979-6,03389683481,victoria91@example.com,"128 Larry Avenue, New Staceymouth, KS 03600",2023-09-15
32,Krista Barr,69177-3030113-4,03242074176,stephensjoshua@example.net,"19495 Sherry Track Suite 061, North Sarah, SC 14290",2021-09-09
33,David Sutton,54313-1352896-9,03244694634,tyler48@example.com,"PSC 1947, Box 3471, APO AE 25208",2023-10-26
34,Danielle Arroyo,10942-2191066-1,03242130789,michaelraymond@example.org,"3479 Sheppard Path Apt. 848, Joneschester, PW 70622",2018-08-29
35,Donald Smith,14117-6543670-2,03424993055,wardheather@example.com,"08600 Vargas Mountain, Perezhaven, NE 21127",2018-10-03
36,Catherine Steele,46500-9143903-4,03443219824,dianeford@example.net,"08041 Shannon Shoal, Dixonton, UT 90684",2021-10-21
37,Briana Bowen,84847-8930103-4,03407829332,codyacevedo@example.com,"1416 Blair Points, Laurenstad, WI 27649",2020-01-10
38,Timothy Harris,34957-2582524-2,03376944126,thomasjenkins@example.com,"37640 Parker Union, Port Brucefurt, WI 08525",2019-02-03
39,Sarah Shaffer,65519-7897151-8,03132651177,lsteele@example.org,"489 Stephanie Drives Apt. 529, Lambertborough, MI 57368",2020-02-05
40,John Patrick,17944-7754864-6,03165171761,shirleykeller@example.com,"807 Johnson Fields, East Ericville, FL 88549",2019-08-13
41,John Lara,35112-4191175-9,03383351868,bernardnancy@example.com,"82977 Martinez Ramp Suite 990, Shannonland, ND 13573",2020-03-28
42,Joseph Trujillo,65296-4078418-5,03395191056,tracimartinez@example.net,"4024 Karen Isle Suite 855, Davisside, MD 70572",2020-12-20
43,Jared Brown,19880-8434500-9,03161848731,susan09@example.com,"65489 Hannah Rue Apt. 035, Lewishaven, TN 82048",2021-04-11
44,Kenneth Cole,95477-1247595-2,03253790237,mark03@example.org,"2387 Maurice Prairie Suite 544, Mejiaburgh, MP 05174",2019-11-01
45,Matthew Morales,63269-9147706-8,03237728339,taylor28@example.com,"9230 Hardin Green Apt. 402, South Kimberlyborough, MO 59305",2020-10-21
46,John Johnson,17685-3762152-7,03107550190,denisehill@example.org,"PSC 0427, Box 3493, APO AA 34478",2023-11-12
47,Samantha Gibbs,44760-8633773-5,03379164991,nicholasanderson@example.org,"903 Cassandra Summit Apt. 228, Millerburgh, NE 99792",2022-04-22
48,Lydia Perez,30289-4185957-5,03231981186,jeromegarrett@example.net,"7315 Brandon Trail, West Roger, MO 01724",2018-02-07
49,Christopher Oconnor,85914-2022698-6,03131841248,steelejessica@example.net,"35994 Joseph Meadow Suite 966, Jeremyland, ID 46444",2020-10-25
50,Eric Wilson,86569-8999183-9,03433641282,jamesjones@example.com,"27054 Cooper Road, East Robert, NV 80472",2021-09-22
